Site,FavIcon,SecureProtocol,CheckPort,SiteAge,SiteLength,SpecialCharacters,Certificate,Malicious Links,IsSafe
http://greenwoodhypnotherapy.co.uk/modules/menu/-/Clients/fr/bnp/f124b2011820f726a76ee8fd928cec96/index.html,1,1,0,1,0,2,0,0,0
http://stavebnefirmy.sk/investment/,0,0,0,0,0,0,0,0,0
http://www.wksiegarnia.pl/4d.php,1,1,0,1,0,0,1,0,0
http://www.mvconstrutora.com.br/sistema/exibe-img/simple/css/REATIVA-AGORA/URGENTE/desktop/home.php?cli=&/piAzbjmPcd/f9m3Wsn1hN.php,1,1,0,0,2,0,0,0,0
https://sites.google.com/site/policynotif00891/home,1,0,0,0,2,0,0,0,0
https://sites.google.com/site/policyclaming0001255530021112/,1,0,0,0,2,0,0,0,0
http://www.mvconstrutora.com.br/sistema/exibe-img/simple/css/REATIVA-AGORA/URGENTE/desktop/home.php?cli=&/ktqjFlPteU/ET4IWkzIUX.php,1,1,0,0,2,0,0,0,0
http://hudsonvalleyonline.com/wz_investmentINCO/wmrh,0,1,0,0,0,0,0,0,0
https://sites.google.com/site/acountcehk/home,1,0,0,0,2,0,0,0,0
https://tinyurl.com/y85b8ayw,0,0,0,0,1,0,0,0,0
http://hudsonvalleyonline.com/wz_investmentINCO/wmrh/,0,1,0,0,0,0,0,0,0
http://lloydloomonline.com/images/products/amin/bookmark/ii.php?rand=13InboxLightaspxn.1774256418&fid.4.1252899642&fid=1&fav.1&rand.13InboxLight.aspxn.1774256418&fid.1252899642&fid.1&fav.1&email=&.rand=13InboxLight.aspx?n=1774256418&fid=4#n=1252899642&fid=1&fav=1,1,1,0,0,2,0,0,0,0
http://www.kranskotaren.se/wellsfago/identity.php,1,1,0,0,0,0,1,0,0
http://almassaia.com/wp-includes/fonts/,1,0,0,0,0,0,0,0,0
http://wf-kred.hut4.ru/,0,0,0,0,0,0,0,0,0
http://purespalounge.com/wp-admin/cx/po/,1,0,0,1,0,0,0,0,0
http://www.banksignin.com/wells-fargo-online-banking-login/,1,1,0,0,1,0,0,0,0
http://www.kiddieuniversityinc.com/wp-content/themes/twentyfifteen/update/question.php,1,1,0,0,2,0,1,0,0
http://www.aravana.net/manage/79b84/home?DZ=1668127248356345343_afa7589a7f79134983a86e69f4d47fc4=Algeria,1,1,0,0,2,0,0,0,0
http://bamboofloorsa.co.za/directory/images/chartered/chartered/index.php,0,0,0,0,1,0,0,0,0
http://bill.eyepinnews.com,1,0,0,0,0,0,0,0,0
http://www.euro-palete.si/js/ir/irs-signin.html,1,0,0,0,0,1,0,0,0
http://westjavatourismboard.info/,0,0,0,0,0,0,0,0,0
http://www.dinogas.com.mx/boletin/texts/alibaba21012015/alibaba21012015/a2bda571ded8a51bd9050962293ca513/,0,0,0,0,0,0,0,0,0
http://www.dinogas.com.mx/boletin/texts/alibaba21012015/alibaba21012015/f0bbadf12a9e5a6f92c4f4237cea4b8d/,0,0,0,0,0,0,0,0,0
http://alaskafreedom.com/service-paypal.com/67e6t76ee767e67/details-information-secure/9232609725dfe2cf151904422f5416c7,1,1,0,0,2,0,0,0,0
http://airieldown.net/wp-content/themes/vibration/nemid/go/update/dbc05fc6b5d90880e754664765b4675a/mpp/update/,1,1,0,0,2,0,0,0,0
http://ilakenya.org/Proff2933/contactform.php,0,0,0,0,0,0,0,0,0
http://azizahboutique.com/admin/transferdrive/domaintransfer/index.php,0,0,0,0,0,0,0,0,0
http://airieldown.net/wp-content/themes/vibration/nemid/go/update/,1,1,0,0,1,0,0,0,0
http://tinyurl.com/zkxg4le,0,0,0,0,1,0,0,0,0
http://www.atanahotel.com/wp-includes/SimplePie/login.htm/,1,1,0,0,1,0,0,0,0
http://gotaeventos.com/galeria/images/sync/file/doc/index.html,1,0,0,0,0,0,0,0,0
http://s2.imgmaster.net/alibaba/alibaba.html?action=billing_login=true=&crm_mtn_tracelo=&crm_mtn_tracelog_task_idhttp:%2F,1,1,0,0,2,2,1,0,0
http://s2.imgmaster.net/alibaba/alibaba.html?amp;biz_type=&crm_mtn_tracelog_task_id,1,1,0,0,2,2,1,0,0
http://foodsafetyadmin.com/secure14/paypal/support/service/ffc45a95efe734c57d9b9ee5cbd20afc/udpate/sub/id.verf/,1,1,0,0,2,0,1,0,0
http://www.musirawaskab.go.id/love.php?ID=curut,0,0,0,0,1,0,0,0,0
http://s2.imgmaster.net/alibaba/alibaba.html?action=billing_login=true&ce7a4f9771464310946,1,1,0,0,2,2,1,0,0
http://bazurashop.com/dger/dger/bof/wssi/bof/go.phpsection=72703&reason=&portal=&dltoken=aca1954e8162992e68e5befb5750a62e/index.php,1,1,0,1,2,0,1,0,0
https://oc.mightytech.org/admin/service/signin/customer_center/customer-IDPP00C915/myaccount/signin,0,0,0,0,2,0,0,0,0
http://apps-43432.edusite.me/email.htm,1,1,0,1,0,1,1,0,0
http://hannagroup.org/help/Paype/,0,0,0,0,0,0,0,0,0
http://bit.ly/iwjKKFG9IFJI9FGK00R9kgjd9fgkjhlldfig,1,0,0,0,2,0,0,0,0
https://oc.mightytech.org/admin/service/signin/customer_center/customer-IDPP00C915/myaccount/signin/,0,0,0,0,2,0,0,0,0
http://polobarbers.co.uk/xmlrpc/2015/4f9cfe8e764d15992d5e184ef9be5c8c/confirmer.php,1,1,0,0,2,0,0,0,0
http://www.polobarbers.co.uk/xmlrpc/2015/4f9cfe8e764d15992d5e184ef9be5c8c/confirmer.php,1,1,0,0,2,0,0,0,0
http://iphonegeek.me/instructions/dlya-chajnikov/392-lichnyy-opyt-neprivyazannyy-dzheylbreyk-ios-712-na-iphone-5s-v-srede-os-x-mavericks.html,0,0,0,0,2,0,0,0,0
http://telenerg.com/wp-inc/indexx.html,1,1,0,0,0,0,0,0,0
http://khatsaz.com/bankofamerica.com.login.account.update/1ab5b207453ce26b2c1474c0714db8da/signInScreen.go.html,1,1,0,0,2,0,0,0,0
http://khatsaz.com/bankofamerica.com.login.account.update/1ab5b207453ce26b2c1474c0714db8da/update.html,1,1,0,0,2,0,0,0,0
http://impressos.eu5.org/AUTHENTICATION%20REQUIRED.HTM,1,0,0,0,0,0,0,0,0
http://khatsaz.com/bankofamerica.com.login.account.update/9d9f5a13b59a621c7afbe6e924b12f16/,1,1,0,0,2,0,0,0,0
http://gadjo-combo.com/video31/googledocs/,1,0,0,0,0,1,0,0,0
https://secretaryofstates.com/Paypal/en/,1,0,0,0,0,0,0,0,0
http://olneyag.com/qwe/hm/hm/,1,1,0,0,0,0,0,0,0
http://www.svetapetka.se/hakim/Account-apple/Account/appte,0,1,0,0,1,0,0,0,0
http://www.humainecom.info/googledocs/aol.htm?l=_JeHFUq_VJOXJoGYDw_OXK0K0QWHtoGYDw_Product-UserID&userid_JeHJOXK0IDw_JOXK0IDD&userid=,1,1,0,0,2,0,1,0,0
http://fiasilvassa.com/.Jweller/main.html?accessToFile=granted&fileAcce=,0,0,0,0,1,0,0,0,0
http://l5-paypal-it.skroc.pl/,1,1,0,0,0,1,1,0,0
http://www.svetapetka.se/hakim/Account-apple/Account/appte/,0,1,0,0,1,0,0,0,0
http://fiasilvassa.com/.Jweller/main.html?accessToFile=granted&fileAccess=8688&encryptedCookie=37a9fea021c6b8bcd7c31108bd75fb2a&u=85eae455fa8852368c47c5947eab7361&connecting=6988c9ea09cb362f512f1e5a9bdbedea&phaseAccess=5539bc664cdff170c471cf2dcd4b4b45&p=ca22d6c6b7b5c73a743efa9bd779c14b,0,0,0,0,1,0,0,0,0
http://www.txtmate.com/fileshare/.(r5t6yfrt754r5t6y7u8ijohugyfthgybujnkTRbk)=dhnb45678RSE5DR6dxer456t7yuhijkhg7tfr6d/,1,1,0,0,2,0,0,0,0
http://servicosdf.com.br/wp-content/plugins/revslider/images/,0,0,0,0,1,0,0,0,0
http://www.ftv.co.in/modelex/agency/models/big/ipmode/http/archive.htm,0,0,0,0,1,0,0,0,0
http://www.exhibitsplusglobal.com/petb/mine/docss/contactform.php,0,0,0,0,1,0,0,0,0
http://deboratransportes.com.br/,1,1,0,0,0,0,0,0,0
http://servicosdf.com.br/wp-content/plugins/revslider/languages/,0,0,0,0,1,0,0,0,0
http://www.medilitigation.com/wp-content/themes/twentythirteen/fonts/verification/online.htm,1,0,0,0,2,0,0,0,0
http://utahbabyshow.com/wp-content/fresh/index.php,1,0,0,1,0,0,0,0,0
http://www.abudhabiboats.com/images/.frreeebox/free.mobile.fr/moncompte/f41cfeb88ddd8aaf0a64254349fbd515/,0,0,0,0,0,0,0,0,0
http://thekeyfilm.com/,0,1,0,0,0,0,0,0,0
http://www.exhibitsplusglobal.com/newdocs/contactform.php,0,0,0,0,1,0,0,0,0
https://surpeendap.sslblindado.com/system_mastercard/surpreenda_index00965/promocoes0927/clientes_cadastro020e92/,1,0,0,0,2,0,0,0,0
http://getthedata.org/account/yahoo/signin,1,1,0,0,0,0,0,0,0
http://gourl.us/LOPOR,1,0,0,0,0,0,0,0,0
http://www.abudhabiboats.com/images/.frreeebox/free.mobile.fr/moncompte/045b0bc72b3e5ab6ce9449f84d369dad/,0,0,0,0,0,0,0,0,0
http://www.fishinthesky.in/pear/wellsfargo/index_login.htm,1,1,0,0,1,0,1,0,0
http://affinitaux.fr/,0,0,0,0,0,0,0,0,0
http://service.id-numbers3961701254.despiertesaludablemente.net/7c78f1fd89b4a9ce8116a9c4ee4cd17d,0,0,0,0,2,0,0,0,0
http://service.id-numbers3961701254.despiertesaludablemente.net/6dcea3ec9a5cd4b0113f9bdc9b8bf5b5,0,0,0,0,2,0,0,0,0
http://service.id-numbers3961701254.despiertesaludablemente.net/2f08a1b33e14222108ade98f9b179071,0,0,0,0,2,0,0,0,0
http://ranistars.com/logs/moncompte/free/5c78f4ace0bd3d90c38ab86fd706f6a4,1,0,0,0,1,0,0,0,0
http://www.institutobrasilcannabis.org/ffff/Google_Doc/secure%20Login.htm,0,0,0,0,1,0,0,0,0
http://ranistars.com/logs/moncompte/free/5c78f4ace0bd3d90c38ab86fd706f6a4/,1,0,0,0,1,0,0,0,0
http://service.id-numbers3961701254.despiertesaludablemente.net/08ea5a9ccc209e16c73870f99169869b/,0,0,0,0,2,0,0,0,0
http://roz-bud.pl/login,0,0,0,0,2,0,0,0,0
http://normalflorencia.edu.co/chat/sss/index.htm,1,1,0,0,0,0,0,0,0
http://blog.hetgroenbureau.nl/wp-admin/user/onlinesecurity/Logon.php?LOB=RBGLogon,0,1,0,0,2,0,0,0,0
http://vasudevakriyayoga.com/signin.ebay.com/ws/completed.php,0,0,0,0,1,0,0,0,0
http://biznesdlaciebie.com.pl/wp/work/aaaaaa/,1,0,0,1,0,0,0,0,0
http://www.barnumreception.com/wp-content/themes/theme_br/includes/uploadify/uploads/bb/IMPOTS.LOGIN.ESPACE.COMPTE.GOUVE.FR.FR.com/impots,1,1,0,0,0,0,0,0,0
http://tabletit.fi/facebook.security/,1,1,0,0,0,0,0,0,0
http://freelifestyle.co.za/renew/GoogleDoc/index.html,0,1,0,0,0,0,0,0,0
http://naturalstones.co.ke/2015google/Gdrive57/,0,1,0,0,0,0,0,0,0
http://livingoutfitters.com/wordpress/max/index.htm?logon=myposte&0b6c2c3af438f35ef17,1,1,0,0,2,0,0,0,0
http://seapost.com.ua/img/Claim/Claim%20updats_Billing.htm,1,1,0,0,0,0,0,0,0
http://livingoutfitters.com/wordpress/max/index.htm?logon=myposte&f1261c624acbfe8c4af0e0,1,1,0,0,2,0,0,0,0
http://livingoutfitters.com/wordpress/max/index.htm?logon=myposte&4356d45a6312fc67ded8a0,1,1,0,0,2,0,0,0,0
http://livingoutfitters.com/wordpress/max/index.htm?logon=myposte&c69e1dff,1,1,0,0,1,0,0,0,0
http://livingoutfitters.com/wordpress/max/index.htm?logon=myposte&eaa7822dee85866d1bbbb0,1,1,0,0,2,0,0,0,0
http://livingoutfitters.com/wordpress/max/index.htm?logon=myposte&b253640,1,1,0,0,1,0,0,0,0
http://www.barnumreception.com/wp-content/themes/theme_br/includes/uploadify/uploads/bb/IMPOTS.LOGIN.ESPACE.COMPTE.GOUVE.FR.FR.com/impots/42d00947f42df81171a63574dba4ec0b,1,1,0,0,0,0,0,0,0
http://livingoutfitters.com/wordpress/max/index.htm?logon=myposte&e0618e13579ab7ea2,1,1,0,0,2,0,0,0,0
http://livingoutfitters.com/wordpress/max/index.htm?logon=myposte&26418f412130b,1,1,0,0,2,0,0,0,0
http://livingoutfitters.com/wordpress/max/index.htm?logon=myposte&c64b012190fac032d39e0,1,1,0,0,2,0,0,0,0
http://www.shreesomnathsanskrituniversity.info/securedoc/ayo/,1,1,0,0,1,0,0,0,0
http://apple-inc.tk.hostinghood.com/home,0,1,0,0,0,2,1,0,0
http://apple-inc.tk.hostinghood.com/home/4809936678eb5d02ee0cb2b2c8cfa1db/,0,1,0,0,1,2,1,0,0
http://apple-inc.tk.hostinghood.com/home/a11a5f3be78b82ae9ddcf299a03cb5e2/,0,1,0,0,1,2,1,0,0
http://informategratis.com/gie/wellsfargo/index.html,1,1,0,0,0,0,0,0,0
http://www.calvados-strategie.com/files/portrait/dcfd8f75c68d6e7c245eca4068335e80dcfd8f75c68d6e7c245eca4068335e80/1db455abf93d54cbee24ccfe7f98c3421db455abf93d54cbee24ccfe7f98c342/56b866b9794b34daf683b338bf622ec956b866b9794b34daf683b338bf622ec9/Login/Login/Paypal-update/,0,1,0,0,0,1,1,0,0
http://www.jomjb.com/adobeaa/JSK/Adobe/adobeaa/bc15ea36c29ae991c479a43134fc71c4/index2.htm,1,0,0,0,2,0,0,0,0
http://fieldorf.pl/multimedia/o-melhor-para-voce/id_digital/sincronia.php,0,0,0,0,2,0,0,0,0
https://sites.google.com/site/claminglogin5640000456341/,1,0,0,0,2,0,0,0,0
http://weidaiwei.com/weidaiwei/wire/google,1,0,0,1,0,0,0,0,0
http://www.seelke.net/,1,0,0,0,0,0,0,0,0
http://clarksinn.trade/clarksinn/t-online/ttonli/tlogin.htm,1,1,0,0,1,0,0,0,0
http://informategratis.com/gie/wellsfargo/identity.php,1,1,0,0,0,0,0,0,0
https://sites.google.com/site/information68775/,1,0,0,0,2,0,0,0,0
http://weidaiwei.com/weidaiwei/wire/google/,1,0,0,1,0,0,0,0,0
http://www.educationworldonline.net/blogs/lng.html,1,1,0,0,0,0,1,0,0
http://dynamictradeserve.com/c1c1d5d8e8/paypal/webapps/mpp/user/,0,0,0,0,1,0,0,0,0
http://www.wordsofnewhope.com/edva.html?W-GOLF-3-III-BREMSTROMMEL-BREMSEN-SET-ZUBEHOR-2-x-RADLAGER-FUR-HINTEN-%2F360395521770,0,0,0,0,0,0,0,0,0
http://bedroomsextra.com/link/link.html,1,1,0,0,0,0,1,0,0
http://www.turkishinterpretingusa.com/wp-admin/network/ChaseOnlineAuth/,0,0,0,0,0,0,0,0,0
http://www.klcontracts.co.uk/modules/mod_custom/f/9128f775610940654209e43d9801b903/,1,1,0,0,2,0,0,0,0
http://www.doc.google.share.pressurecookerindia.com/clients/?7777772e646f632e676f6f676c652e73686172652e7072657373757265636f6f6b6572696e6469612e636f6d.php=,1,1,0,0,2,2,1,0,0
http://www.nwac-ne.org/doc/docx/index.php,1,1,0,0,0,1,1,0,0
https://lgorithmsolutions.com/blogImage/delijuhyef/absaa/index.htm,0,0,0,0,0,0,0,0,0
https://tinyurl.com/y8esstgs,0,0,0,0,1,0,0,0,0
http://alpier.playgdl.net/wp-content/plugins/duplicator/[email protected],1,1,0,0,1,0,0,0,0
http://zeniavilla.com/indexmail.htm,0,0,0,0,0,0,0,0,0
https://sites.google.com/site/helpsafetyfbcentre/,1,0,0,0,2,0,0,0,0
http://en.sylheteralap.com/scripts/ckeditor/kcfinder/upload/files/shakur/yahoo/lll/yahoo/login.html,1,1,0,0,0,0,1,0,0
http://disco.srkzik.com,1,1,0,0,0,0,0,0,0
http://melborp.co/sites/5885d80a15885d8/5885d80a13c0db1f8e051cb40a5393d96fec50118c72/,0,0,0,0,0,0,0,0,0
http://paypal-uk-refund.webcindario.com/paypal-co-uk.html,1,1,0,0,1,1,0,0,0
http://paypal.com.info.secure.set.new.system.dispatch.all.includ.dispatch.information.serviceteam.protection.autolike-fb.com/pay.pal/secure/includ/includ/dispatch/your/more/help/data/more/index.php,1,1,0,0,2,2,1,0,0
http://www.allcaliforniafencing.com/dropbox/,0,0,0,0,0,0,0,0,0
"https://www.itapua.com/cache/wix.error/74c9cb792b80c50f84058aa307fb9709/?cmd=https://users.wix.com/signin?loginDialogContext=login&referralInfo=HEADER&postLogin=8677697475069+_TIme:Mon,Aug,27,2018-12:39pm",0,0,0,0,2,0,0,0,0
http://adobe.sunreclaims.in/Mailbox.html,1,1,0,0,0,0,0,0,0
http://manage-account-limited.igg.biz/webapps/dce61/websrc,1,1,0,0,1,1,1,0,0
http://flythissim.com/speak.html,1,0,0,0,0,0,0,0,0
http://zip.net/bntC8z,1,1,0,0,0,2,0,0,0
http://www.raganinfotech.com/SPM/adb/135388c17d2755c17930fc2eeca4720e/index2.htm,1,1,0,0,1,0,1,0,0
http://newmicrosoftoutlookmail.ulcraft.com/,1,1,0,0,0,0,0,0,0
http://jhanjartv.com/ok_site/team/auth/?email,1,1,0,0,0,0,1,0,0
http://www.volparavini.it/fr/ssl/,1,0,0,0,0,0,0,0,0
http://tkphotocenter.com/investment-asset/re-invest/index.html,0,1,0,0,1,0,0,0,0
http://www.solutions-prof.ru/core/components/googlesitemap/docs/offiece365.htm,1,1,0,0,0,1,0,0,0
https://www.sentulhighlands.com/Logins/access/hinet/hinett/member.hinet.net/HiReg/,1,0,0,0,2,0,0,0,0
http://www.tred-store.me/wp-content/languages/home/,1,1,0,0,0,1,0,0,0
https://link.do/luHGn,1,0,0,0,0,0,0,0,0
http://aplication-fan-pages-2016.tuars.co/login.htm,1,1,0,0,0,1,1,0,0
http://clickcash.xyz/verify/Googledoc/Googledoc/Googledoc/,1,1,0,1,1,0,0,0,0
http://workersed.com/wp-includes/pomo/dropbox/,0,0,0,0,0,0,0,0,0
http://clikto.com/js/us/delta.com/delta2018/index.php,1,1,0,0,0,0,0,0,0
http://workersed.com/wp-includes/pomo/dropbox/f1c5f586ba6a4ca22590973a112c7e0c/,0,0,0,0,0,0,0,0,0
http://kikilovell.com/wp-admin/css/colors/UPGRADE/Update/index.php,1,1,0,0,1,0,1,0,0
http://keyaleggings.com/includes/grea/index.htm,0,0,0,0,0,0,0,0,0
http://www.dewerkendemoeder.nl/bcb8e/?pci2509161b09AAAA23aomRr7Aj,0,1,0,0,1,0,0,0,0
https://myrecycler.com/,0,0,0,0,0,0,0,0,0
http://freshleadsdirect.com/vv/date/Support/ID-NUMB581/myaccount/signin/?=,0,0,0,0,2,0,0,0,0
http://tinyurl.com/pjby787,0,0,0,0,1,0,0,0,0
http://bobosinteriors.co.uk/log/ADOBE/adobelatest/adobe/index.htm,1,1,0,0,1,0,0,0,0
http://www.dogleses.sk/inc/kcfinder/scss/Yahoo%20-%20login.htm,0,0,0,0,0,0,0,0,0
http://smokesonstate.com/Gssss/Gssss/03de06dca9566abee6f603e95332ac29/,0,0,0,0,0,0,0,0,0
http://vegwithmeg.com/site/sbh/pagforall.htm,1,1,0,0,0,0,0,0,0
http://smokesonstate.com/Gssss/Gssss/03de06dca9566abee6f603e95332ac29,0,0,0,0,0,0,0,0,0
http://acanaus.org/components/com_sexycontactform/fileupload/files/other/index.html,1,1,0,0,2,0,1,0,0
http://www.inmobiliariajuangaviria.com/templates/beez5/pro/,1,1,0,0,1,0,0,0,0
http://www.futures.com.tw/modules/oppa/inc/myaccount/signin/,0,0,0,0,0,0,0,0,0
http://espaciodegestion.com/Feb/fib/fib/finaly/cgibin/ucc/pross/cmd=/secc/esp/web/billing.html?cmd=step2&Dispatch=ce82062aa5dd7e94f84f9d,1,1,0,0,2,0,0,0,0
http://www.findmyfantasy.com/images/wpadmins/cgi-update/167337bf65984e2ffb5cb37375b79924,1,0,0,0,2,0,0,0,0
http://flexflicks.com/blog/wp-admin/maint/doc,1,1,0,0,0,0,1,0,0
http://flexflicks.com/blog/wp-admin/maint/doc/,1,1,0,0,0,0,1,0,0
http://cgi-verification.com.hostinghood.com/a28ff8024009cd29cdd30a4e94f3b010/,0,1,0,0,2,2,1,0,0
http://florenceinvestech.co.in/css/new.secure.boa/boa.secure-new.com/new1.secure.bankofamerica.com/secure.bankofamerica.com/login/sign-in/signOnScreen.go/sitekeyverification.php,1,1,0,0,2,0,1,0,0
https://sites.google.com/site/recovery99212/home,1,0,0,0,2,0,0,0,0
https://sites.google.com/site/hepsprotect/,1,0,0,0,2,0,0,0,0
http://bodyalbum.com/docs2014/index.php,1,1,0,0,0,0,1,0,0
http://naturalstones.co.ke/PDf_files/secure_server/G00GLE2015/,0,1,0,0,1,0,0,0,0
http://www.yaliparkotel.com/wp-content/themes/village/blueprint/gallery/ajaxupload/server/uploads/bofa/17cbe0891703378c70bd24cde74bc4a8/,0,0,0,0,2,0,0,0,0
http://paypal-sicherheitsdienst.de.com/336652/deutschland/verbraucher/774981541709/sicherheit/konto_identity/user-login.php,0,0,0,0,0,0,0,0,0
https://orange3.godaddysites.com/,1,0,0,0,0,0,0,0,0
https://orange3.godaddysites.com,1,0,0,0,0,0,0,0,0
http://cndoubleegret.com/admin/secure/cmd-login=30055bc987091413d1307854d418711f/,0,0,0,0,1,0,0,0,0
http://cndoubleegret.com/admin/secure/cmd-login=30055bc987091413d1307854d418711f,0,0,0,0,1,0,0,0,0
http://www.minesdegaia.com/.ll/cmcic/flex/bigyournewsletttre/sabouha/mamws/fdffb1b3201dd1cfa68bb4e859b44279/,0,0,0,0,0,0,0,0,0
http://alexandrecarveiculos.com.br/online.wellsfargo/asas/online.update/verification.php,0,1,0,0,2,0,0,0,0
http://dzenastrology.com/MIEN/,1,1,0,0,0,0,1,0,0
http://lemonyeti.co.uk/wp-content/themes/velocity/vc_templates/WWW.DROPBOX.COM/Dropbox.htm,1,1,0,0,0,0,1,0,0
http://bmaintl.com/js/validation/b08b04cd2f483af43040b4822dc02e77/login.php,1,1,0,0,2,0,1,0,0
http://giuseppe.cc/sicher/komfortablen/mit/Sparkasse.htm,0,0,0,0,2,0,0,0,0
http://bmaintl.com/js/validation/c415f91d4a54a739a7d84336625fec7e/,1,1,0,0,1,0,1,0,0
http://printingkiteco.com/greencolour.php,1,1,0,0,0,0,0,0,0
http://printingkiteco.com/wp-admin/css/colors/ocean/cmbb/indexxx/index.html,0,1,0,0,2,0,0,0,0
http://auraparis.org/cache/template/cic/8a51e3425c7e68e33aae41f339196a7d/,0,0,0,0,2,0,0,0,0
http://www.minesdegaia.com/.ll/cmcic/flex/bigyournewsletttre/sabouha/mamws/4e8443c30feb73977f75243d807157e4/,0,0,0,0,0,0,0,0,0
http://cmfri.org.in/uploads/MicrosoftEmailUpgrade.html,0,0,0,0,1,0,0,0,0
http://umarexcz.cz/media/com_akeeba/js/verify/update/secure/home/websc-login.php?go=_restore_start&_acess_tooken=06956e39f6c802726792b4ed9121be5406956e39f6c802726792b4ed9121be54,0,0,0,0,2,0,0,0,0
http://oisservices.com/admin/data/passport/37/bluepage/index.php,1,0,0,0,1,0,0,0,0
http://oisservices.com/admin/data/passport/37/bluepage/document.php?rand=13InboxLightaspxn.1774256418&fid.4.1252899642&fid=1&fav.1&rand.13InboxLight.aspxn.1774256418&fid.1252899642&fid.1&fav.1&email=&.rand=13InboxLight.aspx?n=1774256418&fid=4,1,0,0,0,2,0,0,0,0
http://tinyurl.com/gwl3gfm,0,0,0,0,1,0,0,0,0
http://tiny.cc/nigbby/,1,0,0,0,2,0,0,0,0
http://netcard.wu.cz/,1,1,0,0,0,0,1,0,0
http://oisservices.com/admin/data/passport/37/bluepage/document.php,1,0,0,0,1,0,0,0,0
http://forum-tuning.fr/bigdump/Uri.php,1,1,0,0,0,1,1,0,0
http://yhteisokyla.net/images/biz/,1,1,0,0,0,0,0,0,0
http://thestencilguy.com/index_htm_files/bookmark/ii.php,1,0,0,0,1,0,0,0,0
http://www.scoreafrica.com/wp-admin/network/us/paypal/index.htm,1,1,0,0,1,0,1,0,0
http://wf-pvp-2015.h16.ru/,0,0,0,0,0,0,0,0,0
http://wfkrinker.h16.ru/,0,0,0,0,0,0,0,0,0
http://warface-priz.h16.ru/,0,0,0,0,0,0,0,0,0
http://dok-wf.hut4.ru/,0,0,0,0,0,0,0,0,0
http://shyne.info/~floatsto/update-paypal-security/,1,0,0,0,0,0,0,0,0
http://wf-kred-vip.hut4.ru/,0,0,0,0,0,0,0,0,0
http://serviced.0xhost.net/service/,0,1,0,0,0,0,1,0,0
http://gourl.us/MOREZ,1,0,0,0,0,0,0,0,0
http://securitypaypal.webcindario.com/securitypaypal.htm,1,1,0,0,1,0,0,0,0
http://kellskotthaircare.com/wp-content/account-login-shareing-docs/index2.php,1,1,0,0,2,0,0,0,0
http://www.google.com/url?q=http%3A%2F%2Fbit.ly%2F1ulQYy3&sa=D&sntz=1&usg=AFQjCNGmT6r6ivRWGh6-knaDzV6IsbAGnA,1,1,0,0,2,0,0,0,0
http://chemacasia.com/cloud/doc/,0,0,0,0,0,0,0,0,0
https://t.co/qf5MxPoB2q?=redirect,1,0,0,0,0,0,0,0,0
http://www.blmnow.com/modules/mod_sections/tmpl/dotz.com.br/,1,1,0,0,1,0,0,0,0
http://bmjahealthcaresolutions.co.uk/bas/aptgd/index.php,1,1,0,0,1,0,0,0,0
http://www.a-zdorov.ru/img/about/s.a.n..tander/home/update.php,1,1,0,0,1,1,0,0,0
http://parcelsworld.ie/logs/Update/Confirm/?cmd=_login-run&dispatch=33ceb2a8e23d03b512eaf2d2423e2ea9393e43cf686a0a51387f9f1f0edb7d14,0,1,0,0,1,0,1,0,0
https://nutritioncy.com/bankofamerica.com.login.update/,0,0,0,0,0,0,0,0,0
http://www.bankstellenshop.com/s.html,0,0,0,0,0,0,0,0,0
http://mypplive.com/,1,0,0,0,0,0,0,0,0
http://www.sandyhairbraiding.com/wp-includes/images/smilies/gade.php,1,1,0,0,1,0,0,0,0
http://security-information-update.0xhost.net/home,0,1,0,0,0,1,1,0,0
https://www.marketingfuture.com/wp-content/themes/twentytwelve/js/signi/myaccount/6ae32/home?cmd=_account-details&session=023fcc883c9ea94b4d693c8a531cb326&dispatch=f0113a551513f7613393786fbbb17bb73015bd38,0,0,0,0,2,0,0,0,0
https://accounts.google.com/ServiceLogin?service=wise&passive=1209600&continue=https%3A%2F%2Fdocs.google.com%2Fforms%2Fd%2F1Hiy6A_DcAnh6SQegjXpLPZi47uqYrOzsMO8ZnTxRz1U%2Fviewform%3Fusp%3Dsend_form&followup=https%3A%2F%2Fdocs.google.com%2Fforms%2Fd%2F1Hiy6A_DcAnh6SQegjXpLPZi47uqYrOzsMO8ZnTxRz1U%2Fviewform%3Fusp%3Dsend_form&ltmpl=forms,1,0,0,0,2,0,0,0,0
http://snickersdayout.com/signin-ebay-co-uk-ws-eBay-iISAPII9P/,1,0,0,0,1,0,0,0,0
http://www.poste.it.postepay.whsh6j.d9publicaffairs.com/portalppay/main.php,1,1,0,0,2,2,1,0,0
http://olansl.com/css/nivo_theme/light/.light/vodafone/index.htm,0,1,0,0,0,0,0,0,0
http://www.visitbromyard.co.uk/wp-content/wppa/upgrade%20mi/upgrade/newp/ii.php,1,1,0,0,2,0,0,0,0
http://rogggaliki.h16.ru/,0,0,0,0,0,0,0,0,0
http://www.yacht-tng.com/webservice/secure/Security/SSL/inc/Costumer/SSL/Update/manage/customer_center/customer-IDPP00C785/myaccount/signin/?country.x=RO&locale.x=en_RO,0,0,0,0,0,1,0,0,0
http://www.vrtec-konjice.si/ts/Confirmation-iTunes/b1198bdd0a9a3dfe8c75fbc3b0cfa59a/,0,1,0,0,2,1,0,0,0
http://ecu1s.tripod.com/,0,0,0,0,0,0,0,0,0
http://www.fur.ly/deiz,1,1,0,0,0,0,1,0,0
http://www.dota2liga.com/emirates/Alibaba.com/[email protected],1,1,0,0,1,0,1,0,0
http://technoparkstudios.com/verification/system/e1b3c4e203ef3946b8c9239e524aef73/,1,1,0,0,2,0,1,0,0
http://sampleletters.org.uk/file/chfdkjhghjsgkjfgjkglhhkjfdkjhkdfjlhlkdjfskdjgjkgdfshkdsjjglkjfdshlsjdhbxzvcvzcbvmbvbvmvxhhcgxhghxzjgchgjhdgshxbcvnv/,1,1,0,1,2,0,0,0,0
http://juliannedanielle.com/wp-content/plugins/sexy-contact-form/includes/fileupload/files/codes.html,1,1,0,0,2,0,0,0,0
http://audiotutorialvideos.com/media/com_oned/3cbfddaccbdf2ecb14206125a1271267/auth/view/document/,0,0,0,0,0,0,0,0,0
https://www.learnoutloud.com/external.php?url=http%3A%2F%2Fneuromedicale.fr%2Fde%2Fdee%2Findex.php/,0,0,0,0,2,0,0,0,0
http://cbcfilm.pl/usssa/touuui/,0,1,0,0,0,0,0,0,0
http://charlestoncollision.com/wp-content/supporto.mailto/supporto.men.mdm.mrs/www.apple.it/automatico.message.login.n199963380/,1,1,0,0,2,0,0,0,0
http://www.yelyo.com/crons/questions.php,0,1,0,0,0,0,1,0,0
http://clovergaming.com/css/PY1/PY/s/,1,1,0,0,0,0,0,0,0
http://waxhand.com.ua/wp-admin/css/wp-adrnin/c4/Bspota-dmin.htm,1,1,0,0,1,0,1,0,0
http://kool-wf.hut4.ru/,0,0,0,0,0,0,0,0,0
http://www.bkdentalarts.com/bbs/Amazon/Amazon/cfd0a61eb71d1f4fbcc78d87ff607ff7/login.php?action=billing_login=true&_session;5453b8628bddaed4a03bbe210a88cab25453b8628bddaed4a03bbe210a88cab2,1,1,0,1,2,0,0,0,0
http://www.secretarycms.com/docs/tutorials/udpt/Welcome/cfe7fda826ea19d4a454a19b809d7afb/?cmd=_home&dispatch=376d81c86e719329650fedab93c6c892376d81c86e719329650fedab93c6c892,1,0,0,0,2,0,0,0,0
http://www.artesanalbrasil.com.br/redirect.php,0,0,0,0,0,0,0,0,0
http://www.al-alaa.com/wp-admin/maint/webmail/[email protected],0,1,0,0,1,1,0,0,0
http://smptruck.com/tmp/install_4c72286483802/include.html,0,0,0,0,1,0,0,0,0
http://ashayein.com/wp-content/themes/nanna.html,0,0,0,0,0,0,0,0,0
http://zoocrewconstruction.co/wp-content/plugins/quick-setup/mailupdate/others/ii.php?n=1774256418,1,0,0,0,2,0,0,0,0
http://cbango.com.ar/img/,1,1,0,0,0,0,1,0,0
http://dinproing.com/mail/yahoo.htm,0,0,0,0,0,0,0,0,0
http://rnb51.com/2015/logs/error.php,1,1,0,0,0,0,1,0,0
https://webbr22.weebly.com/,1,0,0,0,0,0,0,0,0
http://pizzakitchen.pixelpeopleltd.co.uk/js/calendar/skins/aqua/b7/b9/b0/,1,1,0,0,1,2,0,0,0
https://esqueflipas.com/,1,0,0,0,0,0,0,0,0
https://www.taniedlugopisy.com.pl/cging/login.php,0,0,0,0,0,0,0,0,0
http://mariamsecret.ru/wp-content/themes/css/,0,0,0,0,0,0,0,0,0
http://webapps-secure-service-paypal.supermatrimony.com/30ba336d435c08a89cd57ad4f70e9b79/,1,1,0,0,2,1,1,0,0
http://airte.in,1,1,0,0,0,0,0,0,0
http://paversengland.com/wp-content/plugins/2013googledocs,0,0,0,0,0,0,0,0,0
http://owa-webapp.weebly.com/,1,0,0,0,0,1,0,0,0
http://gpa.adv.br/ambiente04/acesso.permitido/area.cliente/autenticacao.confirmada/criptografia/index1.php,1,1,0,0,2,0,0,0,0
http://www.pacificador.org/dada/,1,0,0,0,0,0,0,0,0
http://www.econigeria.com/images/pages/49ff0977054427bbb255959412ff5649/,1,1,0,0,1,0,0,0,0
https://www.essemengineers.com/thankyou.php,0,0,0,0,0,0,0,0,0
http://pacificador.org/wellsfa/,1,0,0,0,0,0,0,0,0
http://vitaminahenger.com.br/wp-includes/,1,1,0,0,1,0,1,0,0
http://000hejn.wcomhost.com/PL/signin/B2E461CC45/login.php?country.x=-,1,1,0,0,1,0,1,0,0
http://googlesonotsleepallday.linascleaning.com/1927c46bb6906b35ea4ae531b4d91db5/,1,1,0,0,2,0,1,0,0
http://www.shopbg.info/cs/language/en-GB/uk/napplic2Faccount/,1,1,0,0,1,0,0,0,0
http://justaju.com/wp-includes/pomo/redir.php,1,1,0,0,0,0,0,0,0
http://www.ezigma.com/11/index.html,1,1,0,0,0,0,1,0,0
http://lankalions.co.uk/wp-admin/includes/OSLOS/Crotcrotis.htm,1,1,0,0,1,0,0,0,0
http://vitoriacombat.com.br/VIT/,0,1,0,0,2,0,0,0,0
https://sites.google.com/site/unblockingfbcontacthelp/,1,0,0,0,2,0,0,0,0
https://sites.google.com/view/cspage2018go/home,1,0,0,0,2,0,0,0,0
https://waterconflictforum.org/&&*%5e&*(&&*%5e&*(&%5e*()*&%5e%25*%5e&*(&&*%5e&*(&%5e*()*&%5e%25&*%5e&*(&&*%5e&*(&%5e*()*&%5e%25**&%5e&&&&*%5e&*(&&*%5e&*(&&*%5e&*(&&*%5e&*(&&*%5e&*(&&*%5e&*(&%5e*()*&%5e%25**&%5e&&&%5e*()*&%5e%25**&%5e&&&%5e*()*&%5e%25**&%5e&&&*()*&%5e%25**&%5e&&&%5e*()*&%5e%25**&%5e&&&%5e*()*&%5e%25**&%5e&&&%5e*()*&%5e%25**&%5e&&&/1446734faef5ef2b916904acf2c10f07/,0,0,0,0,2,0,0,0,0
http://www.mphusky.com/bin/..https/.paypal.co.uk/Login.php,0,0,0,0,1,0,0,0,0
http://lamaisondelaforet.net/confi/cash/W/M/M/docs/GD/,0,1,0,0,0,0,0,0,0
http://www.alomni.com/images/givin/?https://www.paypal.com/uk/cgi-bin/webscr?cmd=_view-a-trans&idMessage-Id,1,1,0,0,2,0,1,0,0
http://www.valuevino.co.za/js/newsletter/showing/information/update/44901653809037540347/newasb/newasb/index.html,0,0,0,0,0,0,0,0,0
http://www.3dcrystal3d.com/NAHYUNK8237/WaL0eHW/l0g101n.php?refererident=0283943548JDJF9E4EE1&4mp,0,0,0,0,2,0,0,0,0
http://portaldopet.com.br/temp/connexionpourlereglement/connecterususer/e9eac2fd6998b2030d3a6488e4597fca/particuliers-45636.php?N=e9eac2fd6998b2030d3a6488e4597fca-FR,1,1,0,0,2,0,0,0,0
http://ictservice.myfreesites.net/,0,0,0,0,0,0,0,0,0
http://vagamyb.cn.com/a1.asp,1,0,0,0,0,0,0,0,0
https://www.pacentralfcu.com/sweed.se/l/,0,0,0,0,1,0,0,0,0
http://azspirit.com/bee/dropbox/dropbox/login.live.com/accts.php,1,0,0,0,1,0,0,0,0
http://www.lexingtonobgyn.com/logs/logs/[email protected],0,0,0,0,1,0,0,0,0
http://exchange1111.form2pay.com/196126.html,1,1,0,0,0,0,1,0,0
http://tinyurl.com/n8xy8qx/,0,0,0,0,1,0,0,0,0
http://safiraandrade.hospedagemdesites.ws/wp/wp-admin/images/red.php,1,1,0,0,1,0,1,0,0
http://econigeria.com/pages/pages/cfadbc27a842e63e97817c38a4c80cc3/,1,1,0,0,1,0,0,0,0
http://xcelwings.com/wp-includes/js/logos/90d5e239c89f68554b9ef38b83958e9b/Apple,1,1,0,0,2,0,1,0,0
http://000lk3v.wcomhost.com/ws/newSignIn.php?email=&md5=fdc53ae060fb2b52553f52a5112087ef&dispatched=28&id=1095495422,1,1,0,0,2,0,0,0,0
https://sites.google.com/view/page-inc-2018,1,0,0,0,2,0,0,0,0
http://tinyurl.com/kzyy4we,0,0,0,0,1,0,0,0,0
http://tinyurl.com/nzrx5sj,0,0,0,0,1,0,0,0,0
http://www.vodafone.co.antiks.co.uk/,1,1,0,0,0,2,1,0,0
http://www.risingphoenix.co.in/resumes/,1,1,0,0,0,0,0,0,0
http://irprpro.com/track/cache/new/,1,1,0,0,0,0,1,0,0
http://lxcurl.com/match1-d-aupdates,0,1,0,0,0,0,0,0,0
http://reddragonwebhosting.com/wp-admin/css/nadyaa/6a796ae00fdeae3d2c9a90621e866186/,1,0,0,1,2,0,0,0,0
http://ganhardinheiroagora.com/idec/sidn.lerm/dmec/merd.php,0,1,0,0,1,0,0,0,0
http://www.mtvk.com/wp-content/gallery/ze/viewtradeorder.htm,0,0,0,0,0,0,0,0,0
http://www.velaclubrodi.it/includes/js/dropbox/dropbox/dropbox/index.php,1,1,0,0,0,0,1,0,0
http://encorepaintpros.com/wp-admin/network/stdibk/8f5afcb9fae650b4b514ce64f98ec4b5/,1,1,0,1,2,0,0,0,0
http://www.smartsurvey.co.uk/s/8LFNP/,0,1,0,0,0,0,0,0,0
http://sanrosindia.com/fonts/cn/mail/c/DHLPARCEL/dhl.php,1,1,0,0,1,0,0,0,0
http://mcmartineli.com.br/.GodMiracle/clients/index.html,1,0,0,0,1,0,0,0,0
https://www.movementwriters.com/Service/3odiznja=/signin,1,0,0,0,1,0,0,0,0
https://t.me,0,0,0,0,0,0,0,0,1
https://policies.google.com,0,0,0,0,0,0,0,0,1
https://m.wikipedia.org,0,0,0,0,0,0,0,0,1
https://google.nl,1,0,0,0,0,0,0,0,1
https://dailymail.co.uk,0,0,0,0,0,0,0,0,1
https://nature.com,0,0,0,0,2,0,0,0,1
https://youtube.com,0,0,0,0,0,0,0,0,1
https://weather.com,0,0,0,0,1,0,0,0,1
https://webnode.page,0,0,0,0,0,0,0,0,1
https://ipv4.google.com,1,0,0,0,0,0,0,0,1
https://nba.com,0,0,0,0,0,0,0,0,1
https://mail.google.com,1,0,0,0,2,0,0,0,1
https://espn.go.com,0,0,0,0,0,0,0,0,1
https://telegram.me,0,0,0,0,0,0,0,0,1
https://venturebeat.com,0,0,0,0,0,0,0,0,1
https://outlook.com,0,0,0,0,0,0,0,0,1
https://fandom.com,0,0,0,0,0,0,0,0,1
https://google.co.in,1,0,0,0,0,0,0,0,1
https://ubuntu.com,0,0,0,0,0,0,0,0,1
https://thoughtco.com,0,0,0,0,0,0,0,0,1
https://translate.google.com,0,0,0,0,0,0,0,0,1
https://engadget.com,0,0,0,0,0,0,0,0,1
https://ebay.com,0,0,0,0,0,0,0,0,1
https://wordreference.com,0,0,0,0,0,0,0,0,1
https://change.org,0,0,0,0,0,0,0,0,1
https://w3.org,0,0,0,0,0,0,0,0,1
https://soundcloud.com,0,0,0,0,0,0,0,0,1
https://cnn.com,1,0,0,0,0,0,0,0,1
https://fb.com,1,0,0,0,0,0,0,0,1
https://theverge.com,0,0,0,0,0,0,0,0,1
https://www.blogger.com,0,0,0,0,0,0,0,0,1
https://indiatimes.com,0,0,0,0,0,0,0,0,1
https://video.google.com,1,0,0,0,0,0,0,0,1
https://whatsapp.com,0,0,0,0,0,0,0,0,1
https://dropbox.com,0,0,0,0,0,0,0,0,1
https://trustpilot.com,0,0,0,0,0,0,0,0,1
https://jimdofree.com,0,0,0,0,0,0,0,0,1
https://usatoday.com,0,0,0,0,0,0,0,0,1
https://id.wikipedia.org,0,0,0,0,0,0,0,0,1
https://wp.com,0,0,0,0,0,0,0,0,1
https://gnu.org,0,0,0,0,0,0,0,0,1
https://ibm.com,0,0,0,0,0,0,0,0,1
https://alexa.com,0,0,0,0,0,0,0,0,1
https://guardian.co.uk,0,0,0,0,0,0,0,0,1
https://microsoft.com,1,0,0,0,0,0,0,0,1
https://sedo.com,0,0,0,0,0,0,0,0,1
https://mediafire.com,0,0,0,0,0,0,0,0,1
https://tes.com,0,0,0,0,0,0,0,0,1
https://terra.com.br,0,0,0,0,0,0,0,0,1
https://imageshack.com,0,0,0,0,0,0,0,0,1
https://ft.com,0,0,0,0,0,0,0,0,1
https://researchgate.net,0,0,0,0,0,0,0,0,1
https://rbc.ru,0,0,0,0,0,0,0,0,1
https://twitter.com/Moz,0,0,0,0,0,0,0,0,1
https://kakao.com,0,0,0,0,0,0,0,0,1
https://theconversation.com,0,0,0,0,0,0,0,0,1
https://playstation.com,0,0,0,0,0,0,0,0,1
https://imdb.com,0,0,0,0,0,0,0,0,1
https://www.google.com,1,0,0,0,0,0,0,0,1
https://asahi.com,0,0,0,0,0,0,0,0,1
https://groups.google.com,1,0,0,0,2,0,0,0,1
https://naver.com,0,0,0,0,0,0,0,0,1
https://tinyurl.com,0,0,0,0,0,0,0,0,1
https://target.com,0,0,0,0,0,0,0,0,1
https://dropcatch.com,0,0,0,0,0,0,0,0,1
https://yadi.sk,1,0,0,0,0,0,0,0,1
https://theatlantic.com,0,0,0,0,0,0,0,0,1
https://wikia.com,0,0,0,0,0,0,0,0,1
https://4shared.com,1,0,0,0,0,0,0,0,1
https://g.co,1,0,0,0,0,0,0,0,1
https://pt.wikipedia.org,0,0,0,0,1,0,0,0,1
https://cpanel.com,0,0,0,0,0,0,0,0,1
https://bloomberg.com,1,0,0,0,2,0,0,0,1
https://instructables.com,0,0,0,0,0,0,0,0,1
https://msn.com,0,0,0,0,0,0,0,0,1
https://prestashop.com,0,0,0,0,0,0,0,0,1
https://economist.com,0,0,0,0,0,0,0,0,1
https://sports.yahoo.com,0,0,0,0,0,0,0,0,1
https://gofundme.com,0,0,0,0,0,0,0,0,1
https://elsevier.com,0,0,0,0,0,0,0,0,1
https://cbc.ca,0,0,0,0,0,0,0,0,1
https://as.com,0,0,0,0,0,0,0,0,1
https://tools.google.com,0,0,0,0,0,0,0,0,1
https://globo.com,0,0,0,0,0,0,0,0,1
https://paypal.com,0,0,0,0,0,0,0,0,1
https://lemonde.fr,0,0,0,0,0,0,0,0,1
https://domainmarket.com,0,0,0,0,0,0,0,0,1
https://goo.gl,0,0,0,0,2,0,0,0,1
https://cbsnews.com,0,0,0,0,0,0,0,0,1
https://www.livejournal.com,0,0,0,0,0,0,0,0,1
https://huffingtonpost.com,0,0,0,0,0,0,0,0,1
https://dailymotion.com,0,0,0,0,0,0,0,0,1
https://www.gov.br,0,0,0,0,0,0,0,0,1
https://thesun.co.uk,0,0,0,0,0,0,0,0,1
https://fr.wikipedia.org,0,0,0,0,1,0,0,0,1
https://netvibes.com,1,0,0,0,0,0,0,0,1
https://reg.ru,0,0,0,0,0,0,0,0,1
https://aliexpress.com,0,0,0,0,0,0,0,0,1
https://surveymonkey.com,0,0,0,0,0,0,0,0,1
https://variety.com,0,0,0,0,0,0,0,0,1
https://nbcnews.com,0,0,0,0,0,0,0,0,1
https://deloitte.com,0,0,0,0,0,0,0,0,1
https://nginx.com,0,0,0,0,0,0,0,0,1
https://office.com,0,0,0,0,0,0,0,0,1
https://boston.com,0,0,0,0,0,0,0,0,1
https://goodreads.com,1,0,0,0,0,0,0,0,1
https://linkedin.com,0,0,0,0,0,0,0,0,1
https://wired.com,0,0,0,0,0,0,0,0,1
https://cpanel.net,0,0,0,0,0,0,0,0,1
https://telegraph.co.uk,0,0,0,0,0,0,0,0,1
https://narod.ru,0,0,0,0,0,0,0,0,1
https://washingtonpost.com,0,0,0,0,0,0,0,0,1
https://youronlinechoices.com,1,0,0,0,0,0,0,0,1
https://addtoany.com,0,0,0,0,0,0,0,0,1
https://www.gov.uk,0,0,0,0,0,0,0,0,1
https://com.com,1,1,0,0,0,0,0,0,1
https://marketingplatform.google.com,0,0,0,0,0,0,0,0,1
https://time.com,0,0,0,0,0,0,0,0,1
https://bloglovin.com,0,0,0,0,0,0,0,0,1
https://aol.com,0,0,0,0,0,0,0,0,1
https://bandcamp.com,0,0,0,0,0,0,0,0,1
https://standard.co.uk,0,0,0,0,0,0,0,0,1
https://cnil.fr,0,0,0,0,0,0,0,0,1
https://instagram.com,0,0,0,0,0,0,0,0,1
https://amazon.ca,1,0,0,0,0,0,0,0,1
https://espn.com,0,0,0,0,0,0,0,0,1
https://yelp.com,0,0,0,0,0,0,0,0,1
https://plus.google.com,1,0,0,0,2,0,0,0,1
https://prezi.com,0,0,0,0,0,0,0,0,1
https://walmart.com,1,0,0,0,0,0,0,0,1
https://mail.ru,0,0,0,0,0,0,0,0,1
https://insider.com,0,0,0,0,0,0,0,0,1
https://forbes.com,0,0,0,0,0,0,0,0,1
https://nypost.com,0,0,0,0,0,0,0,0,1
https://accounts.google.com,1,0,0,0,2,0,0,0,1
https://metro.co.uk,0,0,0,0,0,0,0,0,1
https://pbs.org,0,0,0,0,0,0,0,0,1
https://vimeo.com,0,0,0,0,0,0,0,0,1
https://wiktionary.org,0,0,0,0,0,0,0,0,1
https://yandex.com,1,0,0,0,2,0,0,0,1
https://ok.ru,0,0,0,0,0,0,0,0,1
https://leparisien.fr,0,0,0,0,0,0,0,0,1
https://vice.com,0,0,0,0,0,0,0,0,1
https://google.fr,1,0,0,0,0,0,0,0,1
https://drive.google.com,1,0,0,0,2,0,0,0,1
https://francetvinfo.fr,0,0,0,0,0,0,0,0,1
https://php.net,0,0,0,0,0,0,0,0,1
https://google.com.tw,1,0,0,0,0,0,0,0,1
https://ovh.co.uk,0,0,0,0,0,0,0,0,1
https://sky.com,0,0,0,0,0,0,0,0,1
https://ovh.com,0,0,0,0,0,0,0,0,1
https://imageshack.us,0,0,0,0,0,0,0,0,1
https://radiofrance.fr,0,0,0,0,0,0,0,0,1
https://abcnews.go.com,0,0,0,0,0,0,0,0,1
https://nl.wikipedia.org,0,0,0,0,0,0,0,0,1
https://abril.com.br,0,0,0,0,0,0,0,0,1
https://www.weebly.com,1,0,0,0,0,0,0,0,1
https://gizmodo.com,0,0,0,0,0,0,0,0,1
https://sciencemag.org,0,0,0,0,0,0,0,0,1
https://cnet.com,0,0,0,0,0,0,0,0,1
https://es.wikipedia.org,0,0,0,0,0,0,0,0,1
https://youtu.be,0,0,0,0,0,0,0,0,1
https://npr.org,0,0,0,0,0,0,0,0,1
https://ted.com,0,0,0,0,0,0,0,0,1
https://deezer.com,0,0,0,0,0,0,0,0,1
https://files.wordpress.com,0,0,0,0,0,0,0,0,1
https://xing.com,0,0,0,0,0,0,0,0,1
https://eventbrite.com,0,0,0,0,0,0,0,0,1
https://last.fm,0,0,0,0,0,0,0,0,1
https://discord.com,0,0,0,0,0,0,0,0,1
https://channel4.com,0,0,0,0,0,0,0,0,1
https://cloudflare.com,0,0,0,0,0,0,0,0,1
https://redbull.com,0,0,0,0,0,0,0,0,1
https://uol.com.br,0,0,0,0,0,0,0,0,1
https://photobucket.com,0,0,0,0,0,0,0,0,1
https://blog.fc2.com,0,0,0,0,0,0,0,0,1
https://finance.yahoo.com,0,0,0,0,0,0,0,0,1
https://liveinternet.ru,0,0,0,0,0,0,0,0,1
https://softonic.com,0,0,0,0,0,0,0,0,1
https://ap.org,0,0,0,0,0,0,0,0,1
https://springer.com,0,0,0,0,0,0,0,0,1
https://zoom.us,0,0,0,0,0,0,0,0,1
https://estadao.com.br,0,0,0,0,0,0,0,0,1
https://google.co.uk,1,0,0,0,0,0,0,0,1
https://yandex.net,1,0,0,0,2,0,0,0,1
https://mailchimp.com,0,0,0,0,0,0,0,0,1
https://support.google.com,1,0,0,0,0,0,0,0,1
https://biblegateway.com,0,0,0,0,0,0,0,0,1
https://aboutads.info,0,0,0,0,0,0,0,0,1
https://archive.org,0,0,0,0,0,0,0,0,1
https://google.ru,1,0,0,0,0,0,0,0,1
https://wa.me,0,0,0,0,0,0,0,0,1
https://alibaba.com,0,0,0,0,0,0,0,0,1
https://code.google.com,1,0,0,0,0,0,0,0,1
https://nginx.org,1,0,0,0,0,0,0,0,1
https://books.google.com,1,0,0,0,0,0,0,0,1
https://netflix.com,0,0,0,0,0,0,0,0,1
https://python.org,0,0,0,0,0,0,0,0,1
https://sites.google.com,1,0,0,0,2,0,0,0,1
https://developers.google.com,0,0,0,0,0,0,0,0,1
https://vk.com,0,0,0,0,0,0,0,0,1
https://www.over-blog.com,0,0,0,0,0,1,0,0,1
https://skype.com,0,0,0,0,0,0,0,0,1
https://doubleclick.net,0,0,0,0,1,0,0,0,1
https://lefigaro.fr,0,0,0,0,0,0,0,0,1
https://unsplash.com,0,0,0,0,0,0,0,0,1
https://adobe.com,0,0,0,0,0,0,0,0,1
https://mashable.com,0,0,0,0,0,0,0,0,1
https://bbc.co.uk,1,0,0,0,0,0,0,0,1
https://pinterest.fr,0,0,0,0,0,0,0,0,1
https://weibo.com,0,0,0,0,0,0,0,0,1
https://www.youtube.com/channel/UCs26XZBwrSZLiTEH8wcoVXw,0,0,0,0,1,0,0,0,1
https://reuters.com,0,0,0,0,0,0,0,0,1
https://tripadvisor.com,0,0,0,0,0,0,0,0,1
https://e-monsite.com,0,0,0,0,0,1,0,0,1
https://nationalgeographic.com,0,0,0,0,0,0,0,0,1
https://huffpost.com,0,0,0,0,0,0,0,0,1
https://issuu.com,0,0,0,0,0,0,0,0,1
https://pinterest.com,0,0,0,0,0,0,0,0,1
https://disney.com,0,0,0,0,0,0,0,0,1
https://wikihow.com,0,0,0,0,0,0,0,0,1
https://m.me,0,0,0,0,0,0,0,0,1
https://google.pl,1,0,0,0,0,0,0,0,1
https://afternic.com,0,0,0,0,0,0,0,0,1
https://icann.org,0,0,0,0,0,0,0,0,1
https://howstuffworks.com,0,0,0,0,0,0,0,0,1
https://opera.com,0,0,0,0,0,0,0,0,1
https://ea.com,0,0,0,0,0,0,0,0,1
https://frontiersin.org,0,0,0,0,0,0,0,0,1
https://apnews.com,0,0,0,0,0,0,0,0,1
https://disqus.com,0,0,0,0,0,0,0,0,1
https://ziddu.com,0,0,0,0,0,0,0,0,1
https://live.com,0,0,0,0,0,0,0,0,1
https://themeforest.net,0,0,0,0,0,0,0,0,1
https://ietf.org,1,0,0,0,0,0,0,0,1
https://enable-javascript.com,0,0,0,0,0,1,0,0,1
https://britannica.com,1,0,0,0,0,0,0,0,1
https://ign.com,0,0,0,0,0,0,0,0,1
https://www.wix.com,0,0,0,0,0,0,0,0,1
https://bbc.com,1,0,0,0,0,0,0,0,1
https://gooyaabitemplates.com,0,0,0,0,0,0,0,0,1
https://theguardian.com,0,0,0,0,0,0,0,0,1
https://addthis.com,1,0,0,0,0,0,0,0,1
https://cnbc.com,0,0,0,0,0,0,0,0,1
https://quora.com,0,0,0,0,0,0,0,0,1
https://dan.com,0,0,0,0,0,0,0,0,1
https://nytimes.com,0,0,0,0,0,0,0,0,1
https://plesk.com,0,0,0,0,0,0,0,0,1
https://medium.com,0,0,0,0,0,0,0,0,1
https://dw.com,0,0,0,0,0,0,0,0,1
https://thetimes.co.uk,0,0,0,0,0,0,0,0,1
https://hollywoodreporter.com,0,0,0,0,0,0,0,0,1
https://ikea.com,1,0,0,0,0,0,0,0,1
https://gravatar.com,0,0,0,0,0,0,0,0,1
https://myaccount.google.com,1,0,0,0,2,0,0,0,1
https://buydomains.com,0,0,0,0,0,0,0,0,1
https://stackoverflow.com,0,0,0,0,0,0,0,0,1
https://play.google.com,0,0,0,0,0,0,0,0,1
https://oup.com,0,0,0,0,0,0,0,0,1
https://ru.wikipedia.org,0,0,0,0,2,0,0,0,1
https://docs.google.com,1,0,0,0,2,0,0,0,1
https://adssettings.google.com,1,0,0,0,1,0,0,0,1
https://clarin.com,0,0,0,0,0,0,0,0,1
https://feedburner.com,0,0,0,0,0,0,0,0,1
https://t.co,0,0,0,0,0,0,0,0,1
https://news.yahoo.com,0,0,0,0,0,0,0,0,1
https://ig.com.br,0,0,0,0,0,0,0,0,1
https://yandex.ru,1,0,0,0,2,0,0,0,1
https://creativecommons.org,0,0,0,0,0,0,0,0,1
https://scribd.com,0,0,0,0,0,0,0,0,1
https://businessinsider.com,0,0,0,0,0,0,0,0,1
https://google.it,1,0,0,0,0,0,0,0,1
https://foxnews.com,0,0,0,0,0,0,0,0,1
https://timeweb.ru,0,0,0,0,0,0,0,0,1
https://en.wikipedia.org,0,0,0,0,0,0,0,0,1
https://apple.com,1,0,0,0,0,0,0,0,1
https://evernote.com,1,0,0,0,0,0,0,0,1
https://qq.com,0,0,0,0,0,0,0,0,1
https://search.google.com,1,0,0,0,0,0,0,0,1
https://box.com,0,0,0,0,0,0,0,0,1
https://slideshare.net,0,0,0,0,0,0,0,0,1
https://elpais.com,0,0,0,0,0,0,0,0,1
https://soratemplates.com,0,0,0,0,0,0,0,0,1
https://buzzfeed.com,0,0,0,0,0,0,0,0,1
https://myspace.com,0,0,0,0,0,0,0,0,1
https://foursquare.com,0,0,0,0,0,0,0,0,1
https://wordpress.org,0,0,0,0,0,0,0,0,1
https://fedoraproject.org,0,0,0,0,0,0,0,0,1
https://fb.me,1,0,0,0,0,0,0,0,1
https://draft.blogger.com,0,0,0,0,0,0,0,0,1
https://repubblica.it,0,0,0,0,0,0,0,0,1
https://mayoclinic.org,0,0,0,0,0,0,0,0,1
https://line.me,0,0,0,0,0,0,0,0,1
https://urbandictionary.com,0,0,0,0,0,0,0,0,1
https://about.com,0,0,0,0,0,0,0,0,1
https://namecheap.com,0,0,0,0,0,0,0,0,1
https://pl.wikipedia.org,0,0,0,0,1,0,0,0,1
https://wikimedia.org,0,0,0,0,0,0,0,0,1
https://woocommerce.com,0,0,0,0,0,0,0,0,1
https://get.google.com,1,0,0,0,0,0,0,0,1
https://spotify.com,0,0,0,0,2,0,0,0,1
https://news.google.com,0,0,0,0,1,0,0,0,1
https://cambridge.org,0,0,0,0,0,0,0,0,1
https://ox.ac.uk,0,0,0,0,0,0,0,0,1
https://linktr.ee,0,0,0,0,0,0,0,0,1
https://doi.org,0,0,0,0,0,0,0,0,1
https://pcmag.com,0,0,0,0,0,0,0,0,1
https://dictionary.com,0,0,0,0,0,0,0,0,1
https://ja.wikipedia.org,0,0,0,0,2,0,0,0,1
https://billboard.com,0,0,0,0,0,0,0,0,1
https://abc.com,0,0,0,0,0,0,0,0,1
https://lavanguardia.com,0,0,0,0,0,0,0,0,1
https://maps.google.com,0,0,0,0,0,0,0,0,1
https://bit.ly,0,0,0,0,0,0,0,0,1
https://lexpress.fr,0,0,0,0,0,0,0,0,1
https://www.wikipedia.org,0,0,0,0,0,0,0,0,1
https://twitter.com,0,0,0,0,0,0,0,0,1
https://github.com,0,0,0,0,0,0,0,0,1
https://booking.com,0,0,0,0,0,0,0,0,1
https://independent.co.uk,0,0,0,0,0,0,0,0,1
https://rambler.ru,0,0,0,0,0,0,0,0,1
https://www.yahoo.com,0,0,0,0,0,0,0,0,1
https://googleblog.com,1,0,0,0,0,0,0,0,1
https://techcrunch.com,0,0,0,0,0,0,0,0,1
https://salesforce.com,0,0,0,0,0,0,0,0,1
https://apache.org,0,0,0,0,0,0,0,0,1
https://hugedomains.com,1,0,0,0,0,0,0,0,1
https://sina.com.cn,1,0,0,0,0,0,0,0,1
https://gmail.com,1,0,0,0,2,0,0,0,1
https://vox.com,0,0,0,0,0,0,0,0,1
https://newscientist.com,0,0,0,0,0,0,0,0,1
https://google.com.br,1,0,0,0,0,0,0,0,1
https://facebook.com,1,0,0,0,0,0,0,0,1
https://snapchat.com,0,0,0,0,0,0,0,0,1
https://android.com,0,0,0,0,0,0,0,0,1
https://newyorker.com,0,0,0,0,0,0,0,0,1
https://plos.org,0,0,0,0,0,0,0,0,1
https://photos.google.com,0,0,0,0,0,0,0,0,1
https://vkontakte.ru,0,0,0,0,0,0,0,0,1
https://picasa.google.com,0,0,0,0,0,0,0,0,1
https://dreamstime.com,0,0,0,0,0,0,0,0,1
https://hubspot.com,0,0,0,0,0,0,0,0,1
https://lg.com,0,0,0,0,0,0,0,0,1
https://de.wikipedia.org,0,0,0,0,0,0,0,0,1
https://ria.ru,0,0,0,0,0,0,0,0,1
https://etsy.com,0,0,0,0,0,0,0,0,1
https://shopify.com,0,0,0,0,0,0,0,0,1
https://reddit.com,0,0,0,0,0,0,0,0,1
https://netlify.app,0,0,0,0,0,0,0,0,1
https://arxiv.org,0,0,0,0,0,0,0,0,1
https://indianexpress.com,0,0,0,0,0,0,0,0,1
https://steampowered.com,0,0,0,0,0,0,0,0,1
https://it.wikipedia.org,0,0,0,0,0,0,0,0,1
https://over-blog-kiwi.com,0,0,0,0,0,1,0,0,1
https://rollingstone.com,0,0,0,0,0,0,0,0,1
https://businesswire.com,1,0,0,0,0,0,0,0,1
https://blackberry.com,1,0,0,0,0,0,0,0,1
https://search.yahoo.com,1,0,0,0,0,0,0,0,1
https://scmp.com,0,0,0,0,0,0,0,0,1
https://express.co.uk,0,0,0,0,0,0,0,0,1
https://picasaweb.google.com,1,0,0,0,2,0,0,0,1
